,line number,filename,buggy commit,issue id,bug_inducing_commit,buggy author,author experience,project progress,timedelta (month),id,fix commit,type error lines,directory,project name,owner
0,262,lib/ansible/modules/network/iosxr/iosxr_system.py,ec9582f,22315,4cdb266dac852859f695b0555cbe49e58343e69a,Peter Sprygada,558,28007,42,4,fd6429f,262,4/ansible,ansible,ansible
4,65,lib/ansible/module_utils/facts/hardware/hpux.py,eda6a6b,25368,45a9f967749ec68e2077fe1d1d32dd37660ab376,Adrian Likins,154,30481,13,35,3d21965,"65, 67",35/ansible,ansible,ansible
5,67,lib/ansible/module_utils/facts/hardware/hpux.py,eda6a6b,25368,45a9f967749ec68e2077fe1d1d32dd37660ab376,Adrian Likins,154,30481,13,35,3d21965,"65, 67",35/ansible,ansible,ansible
6,240,lib/ansible/modules/network/iosxr/iosxr_logging.py,36c6d0f,27122,e5c2e1b7beabdd91fe0df768b8c6aa7f54c603e3,Trishna Guha,50,31271,2,38,3b1f2ae,"240, 241",38/ansible,ansible,ansible
7,241,lib/ansible/modules/network/iosxr/iosxr_logging.py,36c6d0f,27122,e5c2e1b7beabdd91fe0df768b8c6aa7f54c603e3,Trishna Guha,50,31271,2,38,3b1f2ae,"240, 241",38/ansible,ansible,ansible
8,633,lib/ansible/cli/__init__.py,54931f3,18684,fe91f7b506b5615c80c32623f4144f182ac83308,Brian Coca,1020,14881,34,42,74a10d7,633,42/ansible,ansible,ansible
9,27,blaze/compute/dask.py,ea66296,1113,fcc476453bf5bf5c426ac6bdd5020713c60e1420,Blake Griffith,23,5790,0,44,6bdeb66,"27, 39",44/blaze,blaze,ContinuumIO
10,39,blaze/compute/dask.py,ea66296,1113,fcc476453bf5bf5c426ac6bdd5020713c60e1420,Blake Griffith,23,5790,0,44,6bdeb66,"27, 39",44/blaze,blaze,ContinuumIO
11,928,manticore/ethereum.py,105a7d3,735,97307906c5e4d4a89d9631628e6d58f1a19b7e82,Mark Mossberg,133,361,11,47,9f0d25c,928,47/manticore,manticore,trailofbits
12,91,lib/ansible/utils/path.py,181b31e,27511,8f97aef1a365cbbbb822d6d09f96af17a076b295,Brian Coca,3300,30311,56,50,3f12fcc,91,50/ansible,ansible,ansible
13,355,invenio/b2share/modules/b2deposit/restful.py,8e97d53,667,e2336fe1dae89f3fe4612d8ba40525d35ab75a76,Emanuel Dima,116,11862,11,56,76cf09c,355,56/b2share,b2share,EUDAT-B2SHARE
14,238,stream_alert/rule_processor/rules_engine.py,6da3b52,787,ef027eb0ec83d9597c6c3675683b731853c31f37,Jack Naglieri,514,1568,13,61,1735fad,238,61/streamalert,streamalert,airbnb
15,324,lib/ansible/modules/system/interfaces_file.py,8c4f349,37387,42039cd4368e074fd5c902c104e6b217015d3b51,Roman Belyakovsky,2,31659,11,64,b7aa41b,324,64/ansible,ansible,ansible
16,753,pandas/io/sql.py,c588dd1d0,15404,df48524c5339d7f0c26b653504d25e3cdf2f3a84,Artemy Kolchinsky,3,10407,0,70,f4e672c,"753, 1223",70/pandas,pandas,pandas-dev
17,1223,pandas/io/sql.py,c588dd1d0,15404,337b94d3f5be6d9beca2386f7d0188dfc3e8fa08,Artemy Kolchinsky,10,11195,5,70,f4e672c,"753, 1223",70/pandas,pandas,pandas-dev
18,116,lib/ansible/modules/network/ios/ios_banner.py,88ce6fd,22216,98c98125f06f6903bf8f12ab76b5794c72a1f37c,Ricardo Carrillo Cruz,40,29448,3,74,66e29f0,116,74/ansible,ansible,ansible
19,74,docido_sdk/index/test.py,6f0e2a0,9,7d5e8eb77ae1483553bfa51a1ad990ec29a0737d,Tristan Carel,129,147,3,84,3046296,74,84/docido-python-sdk,docido-python-sdk,cogniteev
20,1189,astropy/io/fits/diff.py,52a0398,5520,aaaa6fb56fdb09f93b58c13871765e4b9dd6475e,Brigitta Sipocz,213,16368,32,87,901a253,1189,87/astropy,astropy,astropy
21,17,shop/cascade/extensions.py,2e13fd9,682,9b4e12f5e77b5e3f8b9a301452eb80ec14bf7de7,Jacob Rief,2744,4181,69,88,e615cda,"17, 23",88/django-shop,django-shop,awesto
22,23,shop/cascade/extensions.py,2e13fd9,682,9b4e12f5e77b5e3f8b9a301452eb80ec14bf7de7,Jacob Rief,2744,4181,69,88,e615cda,"17, 23",88/django-shop,django-shop,awesto
23,21,lgsm/functions/gsquery.py,cc4d103,964,841a65b2f7105bc174674703101cb4a24d2d9a64,Daniel Gibbs,1222,1537,31,100,a51cdd8,21,100/LinuxGSM,LinuxGSM,GameServerManagers
24,360,ensime_shared/editor.py,44848a4,339,e60977e11b8a1c6066b49653c05febcc7c98867d,Ches Martin,31,506,4,110,396d5bd,360,110/ensime-vim,ensime-vim,ensime
25,276,lib/ansible/module_utils/eos.py,512ef49,17441,b5bbac29e54076507dad81bc6b2b37ee045571be,Peter Sprygada,201,20231,37,115,50c445c,276,115/ansible,ansible,ansible
26,96,lib/ansible/module_utils/aws/cloudfront_facts.py,0ee598a,40668,8d733dbdf0eb7bbda5f3a783e893d71a3a35a646,Will Thames,190,35160,65,117,93cd050,96,117/ansible,ansible,ansible
27,792,lib/ansible/modules/cloud/amazon/ec2_group.py,51ba115,36412,2ceff476bf17e021c2453e6fc80544827bf40f1c,Brandon Davidson,5,32324,3,128,a77b89e,792,128/ansible,ansible,ansible
28,87,maltrieve.py,857508a,141,7a8b889f197127db6c4658d60f301bb825d938c5,Kyle Maxwell,266,297,26,144,492edab,87,144/maltrieve,maltrieve,krmaxwell
29,613,astropy/io/fits/util.py,454fb09,7435,e0236766aa295e46eaff27746a5c549107888492,Stephen Portillo,0,22544,0,158,edd8090,613,158/astropy,astropy,astropy
30,378,lib/ansible/modules/cloud/azure/azure_rm_dnsrecordset.py,8c27ffd,37581,6b5b4651253d584420520271c865f3a64e564bc1,nitzmahone,242,32964,26,161,eb430b2,378,161/ansible,ansible,ansible
31,144,lib/ansible/modules/network/iosxr/iosxr_command.py,08327fa,27118,671184adc45023c625d6e94e8142f76a0a621e6e,Peter Sprygada,368,23208,41,218,fd771e5,144,218/ansible,ansible,ansible
32,1462,lib/ansible/modules/system/user.py,de8b6b5,38040,8010b7f9808adb4c8e4d861a54f323c559e18787,Lars Engels,0,24277,0,222,82f6f08,"1462, 1464, 1466",222/ansible,ansible,ansible
33,1464,lib/ansible/modules/system/user.py,de8b6b5,38040,8010b7f9808adb4c8e4d861a54f323c559e18787,Lars Engels,0,24277,0,222,82f6f08,"1462, 1464, 1466",222/ansible,ansible,ansible
34,1466,lib/ansible/modules/system/user.py,de8b6b5,38040,8010b7f9808adb4c8e4d861a54f323c559e18787,Lars Engels,0,24277,0,222,82f6f08,"1462, 1464, 1466",222/ansible,ansible,ansible
35,40,terra/terminal.py,707b8aa,95,67dd6521f97e11c86ccae30e9cfc2dba2974f02f,Schneider Werner-Walter,14,235,13,230,e8c7c93,40,230/terra-terminal,terra-terminal,Sixdsn
36,200,app_integrations/apps/onelogin.py,dd1f870,470,d7585ad801c111e7889550950afd13dc33a760f9,javier_marcos,11,980,0,248,b1966aa,200,248/streamalert,streamalert,airbnb
37,41,inspirehep/modules/workflows/tasks/classifier.py,6b2647d,2456,7916662b475f81b7e2635cd283b189efc46cf2d8,Samuele Kaplun,247,3385,22,285,4a0045e,41,285/inspire-next,inspire-next,inspirehep
38,116,caravel/forms.py,25831f0,292,be6b2fe5560829e5b0bae2fb6613a8a32dcf4f69,Maxime Beauchemin,561,688,8,291,a3dcb0f,116,291/incubator-superset,incubator-superset,apache
39,318,lib/ansible/modules/network/ios/ios_facts.py,4fad156,27242,a522c2d99fd25c15aee89927e3de4ca86f88b66e,Peter Sprygada,410,23743,41,318,2571fc0,318,318/ansible,ansible,ansible
40,58,soco/snapshot.py,db4d416,475,cc226b433cfd286d8b706eeef5a357e4d9070cd4,robwebset,36,595,3,325,5ceb384,58,325/SoCo,SoCo,SoCo
41,44,osmaxx-py/osmaxx/job_progress/views.py,4613be1,309,53ecc8fafb1341caf3c6076984fe85d486eb2020,Nicola Jordan,496,1241,7,327,dff393b,44,327/osmaxx,osmaxx,geometalab
42,87,app/helpers/form_helper.py,c327d61,1004,c327d61a74e24bdd1596edc3d116ef95d0692b50,Ben Jefferies,168,2325,6,329,c1c8ca2,87,329/eq-survey-runner,eq-survey-runner,ONSdigital
43,64,TriblerGUI/widgets/settingspage.py,1c2dea2,2847,0121e07d998a7c88f0a2db638ea4b4c9598cb8fd,Martijn de Vos,846,12576,16,363,1c2dea2,64,363/tribler,tribler,Tribler
44,62,lib/ansible/utils/display.py,c1400ce,22470,66104191d182aedd7b76f4a1b839c448f97c3ffe,Brian Coca,1964,17836,40,387,c86fd6e,62,387/ansible,ansible,ansible
45,78,lib/ansible/module_utils/ios.py,0b5b5ec,26918,1abc73da6862c32959377884df037491ca1e98a6,Ricardo Carrillo Cruz,48,29579,3,391, 9f64e44,"78, 80",391/ansible,ansible,ansible
46,80,lib/ansible/module_utils/ios.py,0b5b5ec,26918,1abc73da6862c32959377884df037491ca1e98a6,Ricardo Carrillo Cruz,48,29579,3,391, 9f64e44,"78, 80",391/ansible,ansible,ansible
47,346,lib/ansible/modules/network/ios/ios_config.py,0b5b5ec,26918,0b6f0e6c0d95e271cf4173b28ece4a5e58902f9c,Peter Sprygada,723,31122,48,391, 9f64e44,346,391/ansible,ansible,ansible
48,515,Tribler/Core/Libtorrent/LibtorrentMgr.py,743adf0,2693,9142357fa80ea97dca92130229dd3a013a822e58,Martijn de Vos,484,12161,11,397,3bb6917,515,397/tribler,tribler,Tribler
